original_word,three_char_word
pash,psh
mulk,mlk
ralf,rlf
flob,flb
yirr,yrr
pack,pck
clop,clp
terp,trp
furl,frl
beck,bck
opsy,psy
surf,srf
brat,brt
kind,knd
puff,pff
dish,dsh
teff,tff
alky,lky
gown,gwn
hull,hll
bind,bnd
sawt,swt
knab,knb
nudd,ndd
zest,zst
gamb,gmb
seth,sth
noll,nll
gawm,gwm
troy,try
spit,spt
muth,mth
blow,blw
ghuz,ghz
dhaw,dhw
dyne,dyn
kick,kck
pist,pst
pont,pnt
glow,glw
miff,mff
gnaw,gnw
yawn,ywn
grot,grt
pavy,pvy
sken,skn
lots,lts
knet,knt
crax,crx
dyas,dys
hest,hst
trag,trg
himp,hmp
wart,wrt
snup,snp
stre,str
harp,hrp
amyl,myl
hazy,hzy
tort,trt
rolf,rlf
bukh,bkh
baff,bff
royt,ryt
kohl,khl
piky,pky
whyo,why
talk,tlk
part,prt
biff,bff
rush,rsh
fady,fdy
skun,skn
clad,cld
laky,lky
germ,grm
yowl,ywl
bhil,bhl
spex,spx
hyne,hyn
shan,shn
tawn,twn
koph,kph
tuck,tck
told,tld
wren,wrn
hyla,hyl
turm,trm
pilm,plm
celt,clt
pyke,pyk
yarm,yrm
ably,bly
vang,vng
jeff,jff
fumy,fmy
itys,tys
herb,hrb
knag,kng
gawk,gwk
pish,psh
days,dys
seps,sps
blan,bln
cuss,css
myxa,myx
tess,tss
coll,cll
coff,cff
pant,pnt
howk,hwk
rusk,rsk
kirk,krk
sard,srd
whip,whp
fels,fls
buzz,bzz
ryal,ryl
curt,crt
knut,knt
virl,vrl
munt,mnt
muzz,mzz
jell,jll
wird,wrd
city,cty
salp,slp
hurf,hrf
ring,rng
then,thn
puny,pny
scow,scw
wapp,wpp
clem,clm
purl,prl
chet,cht
dyad,dyd
yday,ydy
vuln,vln
skaw,skw
sump,smp
hurt,hrt
syce,syc
dolt,dlt
swam,swm
bevy,bvy
merk,mrk
celt,clt
kans,kns
brad,brd
croc,crc
hiss,hss
mity,mty
snow,snw
yill,yll
slon,sln
west,wst
lark,lrk
chol,chl
puxy,pxy
vast,vst
shun,shn
tung,tng
chic,chc
chud,chd
mult,mlt
hent,hnt
shap,shp
odds,dds
whit,wht
kasm,ksm
snew,snw
phot,pht
molt,mlt
twig,twg
jamb,jmb
pock,pck
ankh,nkh
volt,vlt
jhow,jhw
turn,trn
slum,slm
swep,swp
ploy,ply
dint,dnt
duty,dty
clat,clt
wiry,wry
fill,fll
josh,jsh
ropy,rpy
burr,brr
blup,blp
fons,fns
only,nly
dirt,drt
shin,shn
mown,mwn
ward,wrd
spot,spt
porr,prr
mild,mld
kran,krn
mott,mtt
dogs,dgs
yamp,ymp
glop,glp
rach,rch
prow,prw
rakh,rkh
ugly,gly
bizz,bzz
kmet,kmt
tory,try
mudd,mdd
wind,wnd
defy,dfy
mung,mng
twat,twt
harn,hrn
cyan,cyn
grub,grb
lich,lch
litz,ltz
bawn,bwn
impy,mpy
taps,tps
troy,try
colp,clp
slag,slg
risp,rsp
borh,brh
wary,wry
trog,trg
moly,mly
towy,twy
nabk,nbk
posh,psh
hart,hrt
shih,shh
prep,prp
ling,lng
than,thn
caky,cky
fent,fnt
kill,kll
dags,dgs
womb,wmb
barn,brn
pirr,prr
mary,mry
lawk,lwk
tyre,tyr
kapp,kpp
bark,brk
slut,slt
stab,stb
parr,prr
jank,jnk
blip,blp
bitt,btt
muff,mff
norn,nrn
helm,hlm
fowl,fwl
kral,krl
bosn,bsn
darr,drr
sadr,sdr
lowy,lwy
losh,lsh
kirk,krk
pelf,plf
shor,shr
rikk,rkk
hypo,hyp
jarl,jrl
long,lng
wark,wrk
wafd,wfd
lock,lck
writ,wrt
suzy,szy
lend,lnd
ruth,rth
ness,nss
bump,bmp
tern,trn
lent,lnt
nibs,nbs
lacy,lcy
brob,brb
viny,vny
chal,chl
gift,gft
joss,jss
tush,tsh
dubs,dbs
flog,flg
clem,clm
kids,kds
pact,pct
jann,jnn
koff,kff
bong,bng
wack,wck
pull,pll
taws,tws
dabb,dbb
tarr,trr
gwen,gwn
neth,nth
doxy,dxy
goby,gby
iffy,ffy
mesh,msh
want,wnt
plot,plt
fany,fny
star,str
odds,dds
slot,slt
mird,mrd
bleb,blb
brad,brd
kiby,kby
mull,mll
dowl,dwl
pram,prm
scum,scm
bhoy,bhy
bony,bny
kell,kll
ismy,smy
kilt,klt
klom,klm
wrox,wrx
rhus,rhs
buhl,bhl
harb,hrb
hadj,hdj
zend,znd
plim,plm
toff,tff
koch,kch
mump,mmp
hing,hng
gris,grs
herd,hrd
soft,sft
cark,crk
dill,dll
bort,brt
herl,hrl
gwag,gwg
lusk,lsk
sneb,snb
alms,lms
what,wht
ruby,rby
fuzz,fzz
disc,dsc
york,yrk
sikh,skh
klan,kln
lyre,lyr
gall,gll
fozy,fzy
tram,trm
slab,slb
norm,nrm
cory,cry
slod,sld
slap,slp
coss,css
nowt,nwt
tray,try
spat,spt
swiz,swz
wraw,wrw
skip,skp
lump,lmp
glam,glm
tsun,tsn
vend,vnd
gyve,gyv
nard,nrd
honk,hnk
drab,drb
comb,cmb
ruck,rck
etym,tym
blad,bld
birr,brr
swig,swg
rick,rck
nizy,nzy
pict,pct
wily,wly
yuft,yft
belt,blt
wezn,wzn
frab,frb
sadr,sdr
daft,dft
liny,lny
swan,swn
tank,tnk
nosy,nsy
thad,thd
jiff,jff
news,nws
nick,nck
less,lss
flex,flx
funt,fnt
monk,mnk
raff,rff
erth,rth
dhow,dhw
gony,gny
dumb,dmb
wren,wrn
blaw,blw
list,lst
flit,flt
whun,whn
dirk,drk
lorn,lrn
drat,drt
mart,mrt
brig,brg
tchu,tch
zarf,zrf
scad,scd
blot,blt
moss,mss
fyke,fyk
zany,zny
dust,dst
skim,skm
sorb,srb
zyga,zyg
hisn,hsn
skid,skd
puly,ply
ship,shp
derm,drm
chut,cht
tusk,tsk
tolt,tlt
bigg,bgg
skag,skg
hunt,hnt
snow,snw
murk,mrk
joll,jll
lors,lrs
reps,rps
shut,sht
heft,hft
magh,mgh
dump,dmp
navy,nvy
sudd,sdd
miry,mry
test,tst
heck,hck
knit,knt
indy,ndy
tyke,tyk
nach,nch
repp,rpp
frib,frb
both,bth
forb,frb
flub,flb
sess,sss
sunn,snn
tahr,thr
rull,rll
facy,fcy
mist,mst
scog,scg
dawn,dwn
guss,gss
fray,fry
shaw,shw
psha,psh
hish,hsh
brit,brt
prog,prg
fern,frn
mugg,mgg
deny,dny
lamb,lmb
rest,rst
pest,pst
pend,pnd
wakf,wkf
woft,wft
cand,cnd
gawn,gwn
bran,brn
toss,tss
banc,bnc
left,lft
moff,mff
mowt,mwt
espy,spy
lonk,lnk
scup,scp
cank,cnk
sill,sll
mott,mtt
band,bnd
clip,clp
delf,dlf
leck,lck
svan,svn
sten,stn
pawk,pwk
hack,hck
tirl,trl
kerf,krf
behn,bhn
tass,tss
kemb,kmb
sett,stt
pelt,plt
frit,frt
gurr,grr
suck,sck
cafh,cfh
stub,stb
dich,dch
crux,crx
verd,vrd
glad,gld
knew,knw
such,sch
duly,dly
scho,sch
skey,sky
tche,tch
shoq,shq
dogy,dgy
butt,btt
them,thm
stet,stt
kras,krs
tony,tny
john,jhn
smog,smg
croy,cry
tilt,tlt
grew,grw
mint,mnt
blob,blb
swot,swt
dixy,dxy
posy,psy
twas,tws
tink,tnk
gush,gsh
batz,btz
ryot,ryt
dyke,dyk
cany,cny
pyin,pyn
whud,whd
dash,dsh
weld,wld
slur,slr
teng,tng
mawk,mwk
shed,shd
phoh,phh
ruth,rth
jolt,jlt
pipy,ppy
poly,ply
tart,trt
welk,wlk
umph,mph
duns,dns
will,wll
inky,nky
dyce,dyc
whup,whp
syre,syr
crom,crm
calk,clk
bing,bng
skye,sky
mewl,mwl
stra,str
cony,cny
floc,flc
kent,knt
pruh,prh
teth,tth
sizy,szy
plow,plw
whit,wht
shul,shl
malm,mlm
gump,gmp
morn,mrn
herb,hrb
gamp,gmp
ping,png
stof,stf
conn,cnn
tang,tng
turb,trb
rock,rck
smur,smr
kist,kst
togt,tgt
meld,mld
pict,pct
ceps,cps
flow,flw
rudy,rdy
spay,spy
gazy,gzy
hill,hll
mill,mll
meng,mng
natr,ntr
busk,bsk
poll,pll
runt,rnt
crib,crb
tchi,tch
spiv,spv
punt,pnt
firn,frn
joch,jch
blat,blt
gegg,ggg
burt,brt
dock,dck
eddy,ddy
tiff,tff
plan,pln
byre,byr
moky,mky
mart,mrt
lung,lng
sift,sft
wops,wps
calx,clx
gurt,grt
gory,gry
rosy,rsy
chen,chn
slit,slt
clow,clw
sizz,szz
grit,grt
whet,wht
telt,tlt
mast,mst
walt,wlt
dewy,dwy
cock,cck
sant,snt
nark,nrk
krag,krg
film,flm
nick,nck
nigh,ngh
scob,scb
yest,yst
tshi,tsh
tang,tng
adry,dry
mixy,mxy
conk,cnk
shiv,shv
greg,grg
ashy,shy
dory,dry
stew,stw
waky,wky
trot,trt
stum,stm
well,wll
keld,kld
wips,wps
burl,brl
cest,cst
garn,grn
wowt,wwt
chih,chh
flam,flm
bygo,byg
deck,dck
tach,tch
malt,mlt
cost,cst
darg,drg
sack,sck
hals,hls
flan,fln
swag,swg
wink,wnk
firm,frm
pass,pss
hung,hng
grat,grt
yoky,yky
marm,mrm
chad,chd
lawn,lwn
sunk,snk
cusk,csk
plud,pld
sept,spt
phit,pht
kyat,kyt
carl,crl
drag,drg
itch,tch
nary,nry
donn,dnn
yalb,ylb
wert,wrt
plum,plm
wint,wnt
pyal,pyl
sled,sld
watt,wtt
pugh,pgh
paly,ply
puss,pss
wick,wck
yolk,ylk
nobs,nbs
thos,ths
gird,grd
kiln,kln
brab,brb
wulk,wlk
hasp,hsp
dreg,drg
gnat,gnt
fosh,fsh
wort,wrt
lens,lns
lyon,lyn
bush,bsh
gist,gst
hong,hng
onyx,nyx
skip,skp
myna,myn
narr,nrr
stog,stg
swad,swd
deft,dft
falx,flx
binh,bnh
grin,grn
lard,lrd
lars,lrs
reck,rck
nhan,nhn
crig,crg
cell,cll
wraf,wrf
torn,trn
digs,dgs
wist,wst
dunt,dnt
sowt,swt
shab,shb
yird,yrd
hubb,hbb
dory,dry
oxyl,xyl
gulf,glf
fass,fss
pind,pnd
wept,wpt
envy,nvy
dubb,dbb
tick,tck
dowd,dwd
gull,gll
cawk,cwk
darn,drn
vest,vst
sind,snd
prey,pry
vell,vll
cyme,cym
tift,tft
pled,pld
yarb,yrb
bath,bth
talc,tlc
damn,dmn
gell,gll
luff,lff
gong,gng
lewd,lwd
beth,bth
trow,trw
grow,grw
hech,hch
spad,spd
fant,fnt
tint,tnt
prad,prd
boss,bss
tent,tnt
thro,thr
girt,grt
mass,mss
scud,scd
odyl,dyl
jack,jck
park,prk
silk,slk
slub,slb
cult,clt
yigh,ygh
grum,grm
crow,crw
mazy,mzy
blet,blt
khan,khn
clod,cld
tyto,tyt
esth,sth
gram,grm
tunk,tnk
ping,png
gink,gnk
ryme,rym
slud,sld
term,trm
dark,drk
gers,grs
hath,hth
pony,pny
spin,spn
yelt,ylt
bash,bsh
musk,msk
yegg,ygg
dozy,dzy
cant,cnt
thar,thr
camp,cmp
kemp,kmp
rimy,rmy
clew,clw
lill,lll
tonk,tnk
kent,knt
jawy,jwy
hock,hck
barb,brb
gyri,gyr
cled,cld
idly,dly
maty,mty
glom,glm
jock,jck
slip,slp
chap,chp
friz,frz
crum,crm
taky,tky
yell,yll
wont,wnt
myxo,myx
ways,wys
ropp,rpp
trey,try
best,bst
chop,chp
baht,bht
arch,rch
shay,shy
simp,smp
pong,png
disk,dsk
dibs,dbs
skiv,skv
stem,stm
soss,sss
coly,cly
tell,tll
wyke,wyk
hayz,hyz
warn,wrn
grim,grm
jeff,jff
norm,nrm
moph,mph
lull,lll
inby,nby
till,tll
jert,jrt
slob,slb
yarr,yrr
past,pst
sign,sgn
tidy,tdy
crop,crp
hawk,hwk
kang,kng
shel,shl
whim,whm
jewy,jwy
sped,spd
sory,sry
ting,tng
snap,snp
tall,tll
gunj,gnj
self,slf
lyam,lym
help,hlp
tush,tsh
gizz,gzz
saft,sft
holt,hlt
spur,spr
bath,bth
sawn,swn
post,pst
cavy,cvy
bats,bts
dern,drn
rung,rng
bowk,bwk
birk,brk
kyah,kyh
slid,sld
rist,rst
tiny,tny
doty,dty
mans,mns
dyak,dyk
birn,brn
jady,jdy
cork,crk
ruff,rff
lilt,llt
lisk,lsk
blab,blb
teck,tck
miss,mss
bray,bry
yarn,yrn
fuff,fff
nell,nll
foxy,fxy
snum,snm
pyre,pyr
toty,tty
plod,pld
lord,lrd
scug,scg
whig,whg
snod,snd
clot,clt
piff,pff
grun,grn
moth,mth
yapp,ypp
sidy,sdy
bust,bst
gunl,gnl
huss,hss
xyla,xyl
fash,fsh
khet,kht
phiz,phz
rill,rll
dyer,dyr
salt,slt
clit,clt
untz,ntz
diss,dss
gutt,gtt
hurl,hrl
flux,flx
loyd,lyd
brot,brt
went,wnt
byon,byn
pirl,prl
tars,trs
pomp,pmp
sech,sch
sody,sdy
kelp,klp
cosy,csy
worm,wrm
poxy,pxy
thin,thn
bloc,blc
tech,tch
khar,khr
pixy,pxy
tsar,tsr
wold,wld
bolk,blk
whom,whm
pawn,pwn
tron,trn
babs,bbs
jarg,jrg
jess,jss
glib,glb
dorp,drp
hers,hrs
idyl,dyl
wavy,wvy
syed,syd
sunt,snt
sons,sns
gamy,gmy
qoph,qph
turf,trf
rend,rnd
duct,dct
lish,lsh
smug,smg
hant,hnt
acts,cts
wirl,wrl
dusk,dsk
nowy,nwy
geld,gld
homy,hmy
shat,sht
wild,wld
prig,prg
fess,fss
send,snd
blas,bls
cast,cst
temp,tmp
duff,dff
klop,klp
fact,fct
yodh,ydh
chac,chc
wasp,wsp
myal,myl
prop,prp
bury,bry
grip,grp
curr,crr
ford,frd
gent,gnt
coft,cft
jock,jck
stay,sty
nock,nck
ghan,ghn
davy,dvy
fack,fck
stim,stm
keck,kck
blay,bly
tanh,tnh
cran,crn
tost,tst
suds,sds
lord,lrd
ghat,ght
plat,plt
scab,scb
fast,fst
mawp,mwp
flak,flk
jazz,jzz
risk,rsk
joky,jky
tosy,tsy
body,bdy
yerd,yrd
lost,lst
zing,zng
togs,tgs
brag,brg
glis,gls
bert,brt
pith,pth
loch,lch
scur,scr
tran,trn
null,nll
slat,slt
wolf,wlf
jing,jng
when,whn
worn,wrn
holm,hlm
rift,rft
baft,bft
gulf,glf
sham,shm
algy,lgy
brut,brt
sung,sng
toft,tft
sham,shm
fort,frt
hell,hll
kath,kth
arry,rry
stag,stg
brim,brm
swat,swt
gill,gll
just,jst
tath,tth
beth,bth
thaw,thw
yern,yrn
stod,std
chol,chl
milt,mlt
klip,klp
hick,hck
bogy,bgy
fust,fst
marc,mrc
manx,mnx
lazy,lzy
shaw,shw
clag,clg
link,lnk
steg,stg
neck,nck
sher,shr
spar,spr
limn,lmn
mick,mck
guff,gff
rand,rnd
drug,drg
tivy,tvy
eppy,ppy
jarl,jrl
gray,gry
phut,pht
gosh,gsh
flat,flt
chip,chp
jink,jnk
dang,dng
tock,tck
welt,wlt
yuck,yck
tuff,tff
nesh,nsh
whey,why
bast,bst
kwan,kwn
pimp,pmp
rory,rry
drew,drw
chit,cht
calp,clp
jest,jst
cush,csh
colk,clk
bely,bly
hunk,hnk
drew,drw
skal,skl
text,txt
lack,lck
shod,shd
jump,jmp
wels,wls
bikh,bkh
grid,grd
selt,slt
mund,mnd
zarp,zrp
roll,rll
gorb,grb
frig,frg
vick,vck
vall,vll
mong,mng
hend,hnd
elmy,lmy
whin,whn
riff,rff
lanx,lnx
knur,knr
pint,pnt
cart,crt
sans,sns
spig,spg
mark,mrk
taft,tft
this,ths
flag,flg
sick,sck
bell,bll
glum,glm
tosh,tsh
wany,wny
cist,cst
palm,plm
call,cll
raft,rft
redd,rdd
kyle,kyl
tody,tdy
yeld,yld
gulp,glp
girl,grl
slop,slp
vern,vrn
boll,bll
rind,rnd
colt,clt
beng,bng
galp,glp
list,lst
shik,shk
tarp,trp
busy,bsy
gold,gld
dell,dll
gowk,gwk
chil,chl
romp,rmp
paty,pty
muck,mck
hugh,hgh
plup,plp
minx,mnx
fist,fst
yerk,yrk
poll,pll
yogh,ygh
rong,rng
lyas,lys
birl,brl
beld,bld
onym,nym
skew,skw
swum,swm
haff,hff
bung,bng
loft,lft
vamp,vmp
borg,brg
sorb,srb
kohl,khl
gurl,grl
fork,frk
plew,plw
sart,srt
roxy,rxy
koft,kft
ramp,rmp
wilk,wlk
gurk,grk
emys,mys
vint,vnt
king,kng
folk,flk
buff,bff
wasp,wsp
demy,dmy
stot,stt
push,psh
gowl,gwl
oryx,ryx
wisp,wsp
affy,ffy
bent,bnt
corm,crm
puck,pck
winy,wny
crab,crb
gilt,glt
sned,snd
bant,bnt
grey,gry
bend,bnd
arty,rty
fest,fst
bund,bnd
frot,frt
swap,swp
sang,sng
lady,ldy
bull,bll
polk,plk
eggy,ggy
wype,wyp
bibb,bbb
yirm,yrm
clay,cly
army,rmy
shah,shh
andy,ndy
morg,mrg
cern,crn
tret,trt
gheg,ghg
cric,crc
corp,crp
bult,blt
owly,wly
star,str
sith,sth
muss,mss
drum,drm
khir,khr
pulk,plk
serb,srb
coky,cky
chef,chf
feck,fck
chid,chd
weft,wft
gyne,gyn
gild,gld
gith,gth
smit,smt
damp,dmp
half,hlf
pory,pry
loss,lss
orgy,rgy
sold,sld
word,wrd
clay,cly
dank,dnk
baby,bby
clan,cln
dowp,dwp
fred,frd
merl,mrl
stib,stb
resp,rsp
fall,fll
warp,wrp
mutt,mtt
turp,trp
fret,frt
dalt,dlt
bast,bst
gust,gst
pawl,pwl
wugg,wgg
perk,prk
matt,mtt
pill,pll
riss,rss
kunk,knk
twal,twl
yont,ynt
calm,clm
jilt,jlt
doss,dss
trix,trx
mell,mll
curn,crn
welf,wlf
spar,spr
skat,skt
harm,hrm
mort,mrt
slav,slv
kulm,klm
sect,sct
culm,clm
hask,hsk
farm,frm
drip,drp
daff,dff
mend,mnd
kirn,krn
haft,hft
pick,pck
copt,cpt
copr,cpr
dray,dry
brey,bry
undy,ndy
bram,brm
lask,lsk
trig,trg
zink,znk
nimb,nmb
lath,lth
kylo,kyl
sorn,srn
turk,trk
tend,tnd
grig,grg
cary,cry
samh,smh
pond,pnd
gaby,gby
bolt,blt
prut,prt
tyro,tyr
chew,chw
bint,bnt
sewn,swn
yank,ynk
rath,rth
cloy,cly
izzy,zzy
yirn,yrn
beck,bck
whan,whn
trub,trb
qung,qng
high,hgh
typo,typ
scap,scp
ocht,cht
skef,skf
hush,hsh
kory,kry
marl,mrl
lash,lsh
goll,gll
glut,glt
whig,whg
duhr,dhr
dodd,ddd
grus,grs
wang,wng
gowf,gwf
phil,phl
rann,rnn
bach,bch
trip,trp
fusc,fsc
liss,lss
gens,gns
pyro,pyr
marc,mrc
utch,tch
sker,skr
pent,pnt
bess,bss
bhut,bht
syun,syn
dawn,dwn
dand,dnd
lith,lth
sank,snk
hall,hll
shop,shp
geck,gck
yeth,yth
whap,whp
doff,dff
fogy,fgy
vary,vry
sexy,sxy
knap,knp
scat,sct
cram,crm
kenn,knn
ball,bll
dong,dng
sput,spt
yowt,ywt
fils,fls
hizz,hzz
camb,cmb
melt,mlt
snig,sng
zoll,zll
whop,whp
bott,btt
waff,wff
kris,krs
lunt,lnt
poky,pky
doll,dll
shad,shd
hatt,htt
phos,phs
swom,swm
pobs,pbs
tory,try
bawd,bwd
chat,cht
snug,sng
mitt,mtt
crag,crg
wish,wsh
lurk,lrk
wyne,wyn
clep,clp
farl,frl
tuny,tny
kexy,kxy
twin,twn
mink,mnk
jozy,jzy
sinh,snh
cold,cld
doby,dby
chab,chb
hurr,hrr
logy,lgy
rent,rnt
hyle,hyl
cask,csk
felt,flt
palt,plt
nant,nnt
khot,kht
punk,pnk
gaff,gff
wyde,wyd
shug,shg
bhar,bhr
toph,tph
milk,mlk
song,sng
todd,tdd
kern,krn
balk,blk
kurt,krt
berg,brg
will,wll
shot,sht
lyse,lys
cyma,cym
lant,lnt
skeg,skg
knub,knb
type,typ
snaw,snw
glug,glg
trod,trd
staw,stw
vady,vdy
knez,knz
balm,blm
luck,lck
pork,prk
surd,srd
ferk,frk
vert,vrt
yurt,yrt
gelt,glt
plus,pls
resh,rsh
lall,lll
bald,bld
sown,swn
slam,slm
mant,mnt
skep,skp
nils,nls
vent,vnt
judy,jdy
skil,skl
toft,tft
dush,dsh
plug,plg
yawy,ywy
boyd,byd
dazy,dzy
gish,gsh
pisk,psk
tact,tct
warl,wrl
plap,plp
dird,drd
lurg,lrg
rowy,rwy
dirk,drk
awny,wny
braw,brw
harl,hrl
draw,drw
gast,gst
yilt,ylt
land,lnd
holy,hly
thob,thb
kyte,kyt
swow,sww
wing,wng
cull,cll
hint,hnt
flay,fly
coxy,cxy
chun,chn
trek,trk
illy,lly
mall,mll
whid,whd
theb,thb
goth,gth
trim,trm
gerb,grb
penk,pnk
wrap,wrp
domn,dmn
snob,snb
bowl,bwl
sell,sll
spun,spn
brog,brg
dult,dlt
ondy,ndy
piny,pny
stap,stp
cowy,cwy
empt,mpt
ment,mnt
bret,brt
firk,frk
lech,lch
wull,wll
sull,sll
dink,dnk
veps,vps
bill,bll
chow,chw
boxy,bxy
etch,tch
smew,smw
domy,dmy
bunt,bnt
yelk,ylk
jinn,jnn
snib,snb
rust,rst
whir,whr
whuz,whz
linn,lnn
shan,shn
sond,snd
tump,tmp
tref,trf
lisp,lsp
werf,wrf
faky,fky
limy,lmy
numb,nmb
atry,try
must,mst
port,prt
carl,crl
bard,brd
fawn,fwn
russ,rss
seck,sck
mary,mry
swab,swb
bock,bck
pleb,plb
tack,tck
pily,ply
very,vry
loll,lll
frow,frw
tosk,tsk
guhr,ghr
blub,blb
wolf,wlf
tavy,tvy
ewry,wry
pyic,pyc
burn,brn
drub,drb
bulk,blk
ging,gng
yirk,yrk
wilt,wlt
ally,lly
yark,yrk
waxy,wxy
blah,blh
syne,syn
puky,pky
towd,twd
that,tht
buss,bss
bunk,bnk
polt,plt
slow,slw
mass,mss
kiss,kss
mess,mss
claw,clw
sext,sxt
lapp,lpp
hard,hrd
cord,crd
goff,gff
dowf,dwf
galt,glt
flaw,flw
gros,grs
suff,sff
taxy,txy
purr,prr
gold,gld
gant,gnt
garb,grb
verb,vrb
scot,sct
dhan,dhn
trap,trp
mick,mck
bosk,bsk
pity,pty
mand,mnd
pott,ptt
rack,rck
hawm,hwm
lunn,lnn
limb,lmb
sadh,sdh
fell,fll
wirr,wrr
brin,brn
hler,hlr
samp,smp
bill,bll
wend,wnd
trug,trg
yarl,yrl
renk,rnk
huck,hck
fand,fnd
cuvy,cvy
brew,brw
fend,fnd
eddy,ddy
hewn,hwn
plex,plx
clam,clm
wend,wnd
stow,stw
walk,wlk
wust,wst
rash,rsh
wind,wnd
rodd,rdd
kept,kpt
gary,gry
seth,sth
gond,gnd
vext,vxt
lass,lss
cond,cnd
stop,stp
davy,dvy
limp,lmp
tind,tnd
pirn,prn
favn,fvn
ming,mng
rect,rct
tamp,tmp
fram,frm
hyke,hyk
khat,kht
yelp,ylp
rant,rnt
sept,spt
born,brn
cash,csh
berm,brm
bond,bnd
flem,flm
dont,dnt
rixy,rxy
mush,msh
hunh,hnh
whew,whw
fund,fnd
batt,btt
cagn,cgn
cozy,czy
skel,skl
chin,chn
pewy,pwy
knut,knt
chob,chb
snub,snb
mars,mrs
mank,mnk
town,twn
zips,zps
razz,rzz
fink,fnk
rump,rmp
rind,rnd
slug,slg
gill,gll
form,frm
mask,msk
stob,stb
bick,bck
barm,brm
grad,grd
snab,snb
lucy,lcy
rudd,rdd
lett,ltt
rapt,rpt
carp,crp
walt,wlt
lory,lry
gash,gsh
shag,shg
wath,wth
dart,drt
knar,knr
sock,sck
huzz,hzz
hemp,hmp
thew,thw
stun,stn
fley,fly
wiss,wss
hewt,hwt
brow,brw
cyke,cyk
shlu,shl
josh,jsh
golf,glf
girr,grr
prod,prd
gyre,gyr
thig,thg
toby,tby
myra,myr
yang,yng
frat,frt
soph,sph
down,dwn
warf,wrf
king,kng
flop,flp
fury,fry
addy,ddy
bulb,blb
whiz,whz
lank,lnk
halt,hlt
lown,lwn
rasp,rsp
faff,fff
hank,hnk
gloy,gly
pall,pll
wong,wng
rand,rnd
dess,dss
hind,hnd
wots,wts
cent,cnt
sish,ssh
gasp,gsp
horn,hrn
play,ply
lick,lck
tund,tnd
yond,ynd
pess,pss
snog,sng
huff,hff
reft,rft
phon,phn
lint,lnt
yock,yck
yaff,yff
zach,zch
corf,crf
tops,tps
spug,spg
yawl,ywl
scut,sct
jowl,jwl
turd,trd
bass,bss
edgy,dgy
junk,jnk
cuff,cff
stam,stm
path,pth
scun,scn
tech,tch
wast,wst
klam,klm
wash,wsh
knob,knb
spor,spr
knop,knp
lest,lst
zimb,zmb
desk,dsk
nejd,njd
crap,crp
wyve,wyv
thon,thn
siss,sss
yerb,yrb
turk,trk
scan,scn
rely,rly
nawt,nwt
bink,bnk
wamp,wmp
snop,snp
pell,pll
jong,jng
sigh,sgh
gimp,gmp
prob,prb
thow,thw
sand,snd
frog,frg
racy,rcy
girn,grn
slog,slg
bern,brn
chip,chp
scam,scm
kink,knk
sulk,slk
fold,fld
mimp,mmp
chub,chb
many,mny
putt,ptt
buhr,bhr
plak,plk
budh,bdh
gyte,gyt
harr,hrr
rink,rnk
bret,brt
riff,rff
curt,crt
turr,trr
lyra,lyr
pray,pry
slim,slm
petr,ptr
curb,crb
hory,hry
jimp,jmp
mind,mnd
rich,rch
glen,gln
sonk,snk
lehr,lhr
warm,wrm
benj,bnj
gleg,glg
llew,llw
pern,prn
grog,grg
gest,gst
hank,hnk
hash,hsh
thug,thg
curl,crl
hand,hnd
tong,tng
suld,sld
chun,chn
vill,vll
stir,str
dram,drm
jess,jss
clog,clg
pert,prt
snag,sng
brod,brd
natt,ntt
mang,mng
prim,prm
kurd,krd
jack,jck
spet,spt
yawp,ywp
cack,cck
they,thy
corn,crn
kith,kth
sing,sng
swob,swb
ning,nng
chin,chn
gunk,gnk
sort,srt
gype,gyp
perm,prm
bosh,bsh
sots,sts
tway,twy
dalk,dlk
salm,slm
glor,glr
sugh,sgh
cham,chm
mats,mts
back,bck
tony,tny
pech,pch
jass,jss
hohn,hhn
yard,yrd
caph,cph
snur,snr
tash,tsh
ding,dng
sway,swy
ross,rss
mack,mck
rond,rnd
trey,try
dung,dng
juck,jck
glen,gln
frim,frm
tuts,tts
zyme,zym
scot,sct
fang,fng
ting,tng
wuss,wss
july,jly
much,mch
acyl,cyl
sleb,slb
phew,phw
bred,brd
yaws,yws
jury,jry
calf,clf
knot,knt
fled,fld
mohr,mhr
gapy,gpy
dick,dck
crin,crn
bart,brt
katy,kty
jinx,jnx
smut,smt
dorn,drn
rukh,rkh
meny,mny
pung,png
mann,mnn
achy,chy
lush,lsh
nast,nst
cham,chm
waft,wft
dick,dck
bhat,bht
cump,cmp
kung,kng
part,prt
askr,skr
bang,bng
cowl,cwl
wand,wnd
mijl,mjl
sowl,swl
takt,tkt
xmas,xms
emyd,myd
dull,dll
swim,swm
dorm,drm
howl,hwl
sahh,shh
work,wrk
kilp,klp
wusp,wsp
trin,trn
junt,jnt
cass,css
ally,lly
last,lst
gyro,gyr
bawl,bwl
fish,fsh
dard,drd
fizz,fzz
mock,mck
drib,drb
shen,shn
czar,czr
dunk,dnk
heml,hml
bird,brd
task,tsk
tuth,tth
cris,crs
mold,mld
wush,wsh
skit,skt
clap,clp
yelm,ylm
ceyx,cyx
card,crd
swab,swb
skat,skt
zinc,znc
eryx,ryx
spec,spc
pank,pnk
drow,drw
flip,flp
wran,wrn
chum,chm
dirl,drl
chay,chy
pang,png
lerp,lrp
sart,srt
snot,snt
durn,drn
club,clb
next,nxt
stut,stt
colt,clt
skin,skn
jerl,jrl
sist,sst
scye,scy
bold,bld
inks,nks
orby,rby
flix,flx
slay,sly
rick,rck
wham,whm
stud,std
sash,ssh
span,spn
finn,fnn
mark,mrk
kyle,kyl
sink,snk
curd,crd
karl,krl
glar,glr
tass,tss
dhak,dhk
rich,rch
mash,msh
pogy,pgy
roky,rky
palp,plp
thud,thd
holl,hll
kish,ksh
lent,lnt
plop,plp
sert,srt
trun,trn
jerk,jrk
toll,tll
char,chr
peck,pck
fulk,flk
lily,lly
mirk,mrk
coth,cth
carr,crr
nest,nst
bask,bsk
prat,prt
hern,hrn
rang,rng
hist,hst
trah,trh
cusp,csp
hilt,hlt
jill,jll
dent,dnt
shim,shm
fuss,fss
with,wth
chug,chg
nabs,nbs
roxy,rxy
prof,prf
cleg,clg
inch,nch
wall,wll
caph,cph
kelt,klt
kyar,kyr
hump,hmp
frap,frp
math,mth
sark,srk
drop,drp
step,stp
vend,vnd
noll,nll
sgad,sgd
stug,stg
ryen,ryn
bank,bnk
spud,spd
sagy,sgy
gyle,gyl
bonk,bnk
spew,spw
toby,tby
benn,bnn
slew,slw
thof,thf
cosh,csh
rank,rnk
munj,mnj
kend,knd
lift,lft
funk,fnk
debt,dbt
whar,whr
sung,sng
tarn,trn
wyle,wyl
pulp,plp
serf,srf
full,fll
copy,cpy
pyla,pyl
newt,nwt
crex,crx
gnar,gnr
burp,brp
shog,shg
show,shw
flax,flx
gunz,gnz
abby,bby
miny,mny
chaw,chw
buck,bck
tomb,tmb
sley,sly
jerm,jrm
duny,dny
duck,dck
burd,brd
hark,hrk
craw,crw
poss,pss
bosc,bsc
know,knw
scaw,scw
sent,snt
scar,scr
most,mst
zant,znt
awry,wry
blur,blr
balt,blt
pink,pnk
fisc,fsc
moll,mll
hans,hns
arms,rms
lamp,lmp
mids,mds
ming,mng
piss,pss
lust,lst
slad,sld
bilk,blk
levy,lvy
cuck,cck
gang,gng
rype,ryp
find,fnd
crus,crs
sard,srd
snip,snp
glub,glb
thus,ths
stey,sty
kelk,klk
fowk,fwk
sosh,ssh
nash,nsh
stid,std
grab,grb
twit,twt
lucy,lcy
shor,shr
tuft,tft
hulk,hlk
tald,tld
clef,clf
flet,flt
zizz,zzz
pump,pmp
husk,hsk
swat,swt
tirr,trr
host,hst
torc,trc
harv,hrv
aryl,ryl
mont,mnt
hold,hld
stan,stn
ross,rss
burg,brg
font,fnt
slaw,slw
pand,pnd
silt,slt
from,frm
inly,nly
flot,flt
thir,thr
spak,spk
flew,flw
bord,brd
crew,crw
bomb,bmb
cess,css
wrig,wrg
flap,flp
pard,prd
